C,A,N,S,L,I,M,n_pass,verdict,name,ticker,market,last,pivot
fail,fail,pass,pass,pass,fail,pass,4,fail,Haemonetics Corporation Common Stock,HAE,US,119.47,110.45
unknown,pass,pass,pass,pass,pass,fail,5,fail,TSE6857,6857.T,JP,40930.0,39580.0
unknown,fail,pass,pass,fail,unknown,pass,3,fail,"Pacira BioSciences, Inc. - Common Stoc",PCRX,US,36.39,27.66
pass,fail,pass,pass,pass,unknown,pass,5,fail,Okeanis Eco Tankers Corp. Common Stock,ECO,US,94.44,90.64
unknown,fail,pass,pass,fail,unknown,fail,2,fail,비아트론,141000.KQ,KR,13840.0,12150.0
unknown,unknown,pass,pass,pass,unknown,fail,3,fail,TSE3042,3042.T,JP,533.0,414.0
unknown,fail,pass,pass,pass,unknown,pass,4,fail,"Penguin Solutions, Inc. - Common Stock",PENG,US,71.57,65.75
unknown,pass,pass,pass,pass,unknown,fail,4,fail,TSE4493,4493.T,JP,3360.0,2148.0
fail,fail,fail,pass,fail,unknown,pass,2,fail,"Option Care Health, Inc. - Common Stoc",OPCH,US,31.05,24.96
fail,unknown,fail,pass,fail,unknown,pass,2,fail,Talen Energy Corporation - Common Stoc,TLN,US,359.22,337.22
unknown,pass,pass,pass,fail,unknown,fail,3,fail,TSE3968,3968.T,JP,780.0,712.0
unknown,unknown,fail,unknown,fail,unknown,fail,0,fail,TSE2644,2644.T,JP,4532.0,4435.0
unknown,fail,fail,pass,pass,unknown,fail,2,fail,네오티스,085910.KQ,KR,20500.0,18000.0
unknown,fail,pass,pass,fail,unknown,fail,2,fail,디케이락,105740.KQ,KR,12050.0,11000.0
unknown,fail,pass,pass,fail,unknown,fail,2,fail,TSE3040,3040.T,JP,2904.0,2771.0
unknown,unknown,pass,pass,fail,unknown,fail,2,fail,TSE4382,4382.T,JP,1050.0,926.0
unknown,pass,pass,pass,pass,pass,fail,5,fail,TSE4258,4258.T,JP,6150.0,5940.0
unknown,fail,fail,pass,fail,unknown,fail,1,fail,TSE2326,2326.T,JP,5650.0,5270.0
pass,fail,fail,pass,fail,unknown,fail,2,fail,이수페타시스,007660.KS,KR,125500.0,123700.0
pass,pass,fail,pass,fail,unknown,fail,3,fail,대주전자재료,078600.KQ,KR,114600.0,110400.0
fail,fail,pass,pass,pass,pass,pass,5,fail,XP Inc. - Class A Common Stock,XP,US,30.21,21.72
fail,fail,pass,fail,fail,unknown,pass,2,fail,Itau Unibanco Banco Holding SA America,ITUB,US,9.83,8.94
unknown,unknown,pass,pass,fail,unknown,pass,3,fail,"Vaxcyte, Inc. - Common Stock",PCVX,US,65.01,63.98
pass,unknown,fail,pass,fail,unknown,pass,3,fail,Inter & Co. Inc. - Class A Common Shar,INTR,US,7.24,6.1
unknown,unknown,pass,pass,fail,unknown,pass,3,fail,"RXO, Inc. Common Stock",RXO,US,28.93,24.03
fail,pass,pass,pass,fail,unknown,pass,4,fail,Companhia Paranaense de Energia (COPEL,ELPC,US,14.06,13.02
pass,fail,pass,fail,fail,unknown,pass,3,fail,Petroleo Brasileiro S.A. Petrobras ADS,PBR,US,24.69,21.99
unknown,unknown,fail,pass,fail,unknown,fail,1,fail,TSE6723,6723.T,JP,3750.0,3626.0
fail,pass,pass,pass,fail,unknown,pass,4,fail,Companhia de saneamento Basico Do Esta,SBS,US,6.59,5.77
unknown,fail,pass,pass,fail,unknown,fail,2,fail,TSE6652,6652.T,JP,4030.0,3975.0
fail,pass,pass,pass,fail,unknown,pass,4,fail,PTC Inc. - Common Stock,PTC,US,193.73,159.46
pass,fail,pass,pass,pass,pass,pass,6,fail,"International Seaways, Inc. Common Sto",INSW,US,121.82,116.13
pass,pass,pass,pass,fail,unknown,pass,5,fail,"DHT Holdings, Inc.",DHT,US,24.93,23.72
unknown,fail,pass,pass,pass,unknown,pass,4,fail,ChipMOS TECHNOLOGIES INC. - American D,IMOS,US,75.5,73.19
unknown,unknown,fail,pass,fail,unknown,pass,2,fail,Synaptics Incorporated - Common Stock,SYNA,US,119.08,113.36
unknown,unknown,pass,unknown,pass,unknown,fail,2,fail,TSE2038,2038.T,JP,3373.0,3015.0
fail,fail,pass,pass,fail,unknown,fail,2,fail,SFA,056190.KQ,KR,31350.0,29450.0
fail,fail,fail,pass,fail,unknown,pass,2,fail,"Everforth, Inc. Common Stock",EFOR,US,35.93,34.42
pass,fail,pass,pass,fail,unknown,pass,4,fail,"Synopsys, Inc. - Common Stock",SNPS,US,497.75,464.98
fail,fail,fail,pass,fail,unknown,pass,2,fail,Accenture plc Class A Ordinary Shares ,ACN,US,208.36,197.63
pass,fail,fail,pass,fail,unknown,fail,2,fail,원익머트리얼즈,104830.KQ,KR,41000.0,38850.0
unknown,fail,pass,pass,fail,unknown,fail,2,fail,TSE6730,6730.T,JP,1691.0,1526.0
unknown,unknown,fail,pass,fail,unknown,fail,1,fail,HLB,028300.KQ,KR,45650.0,39700.0
unknown,pass,pass,pass,pass,unknown,fail,4,fail,TSE7552,7552.T,JP,5210.0,4335.0
fail,fail,fail,pass,fail,unknown,fail,1,fail,켐트로닉스,089010.KQ,KR,28250.0,24300.0
unknown,fail,fail,pass,fail,pass,fail,2,fail,루닛,328130.KQ,KR,11370.0,10500.0
unknown,unknown,fail,pass,fail,unknown,fail,1,fail,HLB이노베이션,024850.KQ,KR,18610.0,17450.0
unknown,unknown,pass,pass,pass,unknown,pass,4,partial,Kodiak Sciences Inc - Common Stock,KOD,US,94.26,43.04
unknown,fail,fail,pass,fail,pass,unknown,2,fail,科森科技,603626.SS,CN,23.25,21.69
unknown,unknown,fail,pass,fail,unknown,fail,1,fail,쓰리빌리언,394800.KQ,KR,5900.0,5530.0
unknown,unknown,pass,pass,pass,unknown,fail,3,fail,심텍,222800.KQ,KR,172800.0,138300.0
unknown,unknown,fail,unknown,fail,unknown,fail,0,fail,TSE2244,2244.T,JP,3847.0,3712.0
pass,fail,fail,pass,pass,pass,fail,4,fail,기가비스,420770.KQ,KR,137500.0,114200.0
fail,fail,fail,pass,pass,unknown,fail,2,fail,프로텍,053610.KQ,KR,81400.0,69100.0
unknown,fail,pass,pass,pass,fail,unknown,3,fail,新亚制程,002388.SZ,CN,9.1,6.86
unknown,fail,fail,pass,fail,pass,fail,2,fail,해성디에스,195870.KS,KR,66000.0,58800.0
unknown,fail,fail,pass,fail,fail,fail,1,fail,네오셈,253590.KQ,KR,16150.0,13150.0
unknown,fail,fail,pass,fail,pass,unknown,2,fail,西陇科学,002584.SZ,CN,8.96,8.68
pass,pass,pass,pass,pass,pass,pass,7,canslim,"Everpure, Inc. Class A common stock",P,US,150.57,113.8
fail,unknown,fail,pass,fail,unknown,pass,2,fail,"TSS, Inc. - Common Stock",TSSI,US,9.97,9.58
unknown,fail,fail,pass,fail,fail,unknown,1,fail,吉鑫科技,601218.SS,CN,5.95,5.18
unknown,pass,fail,pass,fail,unknown,fail,2,fail,TSE6787,6787.T,JP,25900.0,22700.0
unknown,fail,fail,pass,fail,fail,fail,1,fail,아이씨티케이,456010.KQ,KR,24150.0,20550.0
fail,fail,fail,pass,fail,pass,fail,2,fail,코미코,183300.KQ,KR,33450.0,30250.0
unknown,fail,pass,pass,fail,pass,fail,3,fail,TSE7180,7180.T,JP,1682.0,1649.0
unknown,fail,fail,pass,fail,fail,unknown,1,fail,闽东电力,000993.SZ,CN,17.74,13.88
fail,fail,pass,pass,fail,pass,pass,4,fail,GameStop Corporation Common Stock,GME,US,25.28,23.11
unknown,unknown,fail,pass,fail,unknown,fail,1,fail,비나텍,126340.KQ,KR,87000.0,76200.0
fail,pass,fail,pass,pass,pass,pass,5,fail,Vicor Corporation - Common Stock,VICR,US,262.32,232.74
unknown,fail,pass,pass,pass,pass,pass,5,fail,"GRAIL, Inc. - Common Stock",GRAL,US,132.61,85.49
unknown,fail,pass,pass,pass,pass,fail,4,fail,TSE4933,4933.T,JP,2224.0,1681.0
fail,unknown,pass,pass,fail,pass,pass,4,fail,"Priority Technology Holdings, Inc. - C",PRTH,US,7.8,6.17
unknown,unknown,fail,pass,pass,unknown,fail,2,fail,오이솔루션,138080.KQ,KR,30750.0,25000.0
unknown,fail,fail,pass,fail,pass,fail,2,fail,케이엠더블유,032500.KQ,KR,19820.0,16700.0
fail,pass,fail,pass,pass,pass,fail,4,fail,LS에코에너지,229640.KS,KR,73000.0,51900.0
unknown,fail,fail,pass,fail,pass,unknown,2,fail,天顺风能,002531.SZ,CN,8.35,6.98
pass,fail,pass,pass,pass,pass,pass,6,fail,"Advanced Micro Devices, Inc. - Common ",AMD,US,620.68,559.91
pass,fail,fail,pass,pass,pass,fail,4,fail,DB하이텍,000990.KS,KR,138800.0,120000.0
unknown,pass,pass,pass,pass,pass,fail,5,fail,TSE4417,4417.T,JP,6610.0,5060.0
unknown,fail,pass,pass,fail,unknown,fail,2,fail,TSE4704,4704.T,JP,7232.0,6100.0
fail,fail,pass,pass,fail,pass,pass,4,fail,Mistras Group Inc Common Stock,MG,US,20.7,20.4
unknown,fail,pass,pass,fail,fail,unknown,2,fail,云煤能源,600792.SS,CN,5.22,4.92
unknown,fail,fail,pass,pass,pass,fail,3,fail,TSE6191,6191.T,JP,1404.0,1073.0
fail,unknown,fail,pass,fail,unknown,fail,1,fail,샌즈랩,411080.KQ,KR,7530.0,5510.0
unknown,unknown,fail,unknown,fail,unknown,fail,0,fail,TSE1699,1699.T,JP,718.1,682.0
unknown,unknown,fail,unknown,fail,unknown,fail,0,fail,TSE1671,1671.T,JP,6050.0,5864.0
unknown,pass,fail,pass,fail,pass,fail,3,fail,TSE3692,3692.T,JP,9960.0,6470.0
unknown,fail,pass,pass,pass,pass,pass,5,fail,CMB.TECH NV Ordinary Shares,CMBT,US,20.81,19.97
unknown,fail,pass,pass,fail,fail,unknown,2,fail,精华制药,002349.SZ,CN,8.72,8.47
unknown,fail,pass,pass,fail,fail,unknown,2,fail,崇达技术,002815.SZ,CN,22.51,17.61
unknown,fail,fail,pass,fail,pass,fail,2,fail,에스투더블유,488280.KQ,KR,16250.0,11830.0
unknown,fail,pass,pass,fail,pass,fail,3,fail,TSE2371,2371.T,JP,3805.0,3740.0
unknown,fail,fail,pass,fail,fail,unknown,1,fail,超声电子,000823.SZ,CN,22.71,16.04
unknown,fail,fail,pass,fail,pass,unknown,2,fail,盾安环境,002011.SZ,CN,12.29,11.94
unknown,fail,pass,pass,fail,unknown,fail,2,fail,TSE7475,7475.T,JP,3770.0,3000.0
fail,fail,fail,pass,fail,fail,fail,1,fail,머큐리,100590.KQ,KR,6000.0,4365.0
unknown,fail,fail,pass,fail,fail,unknown,1,fail,平潭发展,000592.SZ,CN,8.08,7.49
unknown,fail,pass,pass,pass,pass,fail,4,fail,CHERVON,2285.HK,HK,31.26,22.5
unknown,fail,fail,pass,fail,unknown,fail,1,fail,범한퓨얼셀,382900.KQ,KR,24300.0,20550.0
unknown,fail,pass,pass,fail,fail,pass,3,fail,ACV Auctions Inc. Class A Common Stock,ACVA,US,10.44,8.38
unknown,fail,fail,pass,fail,pass,fail,2,fail,TSE6203,6203.T,JP,2280.0,1912.0
unknown,fail,fail,pass,fail,pass,fail,2,fail,필옵틱스,161580.KQ,KR,41900.0,33500.0
unknown,fail,pass,pass,fail,pass,fail,3,fail,TSE9824,9824.T,JP,8010.0,7570.0
unknown,fail,fail,pass,fail,fail,unknown,1,fail,国芳集团,601086.SS,CN,13.58,9.17
unknown,fail,pass,pass,pass,pass,pass,5,fail,Sasol Ltd. American Depositary Shares,SSL,US,15.14,13.33
unknown,fail,pass,pass,fail,fail,unknown,2,fail,吉华集团,603980.SS,CN,9.0,7.43
fail,fail,fail,pass,fail,fail,pass,2,fail,ODDITY Tech Ltd. - Class A Ordinary Sh,ODD,US,19.55,15.62
fail,fail,pass,pass,fail,fail,pass,3,fail,"Solaris Energy Infrastructure, Inc. Cl",SEI,US,73.08,66.09
unknown,fail,pass,pass,pass,fail,fail,3,fail,TSE2612,2612.T,JP,2839.0,2193.0
unknown,fail,pass,pass,fail,pass,unknown,3,fail,齐鲁银行,601665.SS,CN,7.15,6.65
unknown,pass,fail,pass,pass,pass,pass,5,partial,Bloom Energy Corporation Class A Commo,BE,US,272.82,253.31
unknown,pass,fail,pass,fail,fail,unknown,2,fail,敦煌种业,600354.SS,CN,9.08,8.21
fail,fail,pass,pass,fail,pass,pass,4,fail,ZIM Integrated Shipping Services Ltd. ,ZIM,US,30.26,29.56
unknown,fail,fail,pass,fail,pass,unknown,2,fail,千金药业,600479.SS,CN,12.13,11.53
unknown,fail,fail,pass,fail,pass,pass,3,fail,"ChargePoint Holdings, Inc. Common Stoc",CHPT,US,8.13,6.59
fail,fail,fail,pass,fail,pass,fail,2,fail,비에이치,090460.KS,KR,21600.0,19930.0
unknown,fail,pass,pass,fail,pass,pass,4,fail,Snowflake Inc. Common Stock,SNOW,US,343.4,341.95
unknown,fail,pass,pass,fail,pass,fail,3,fail,TSE7630,7630.T,JP,1027.0,972.0
unknown,pass,pass,pass,pass,fail,fail,4,fail,TSE4440,4440.T,JP,2390.0,1485.0
unknown,fail,pass,pass,fail,pass,fail,3,fail,TSE7743,7743.T,JP,793.0,735.0
unknown,fail,pass,pass,pass,pass,pass,5,fail,GitLab Inc. - Class A Common Stock,GTLB,US,53.56,46.65
unknown,fail,pass,pass,fail,fail,fail,2,fail,TSE3851,3851.T,JP,1380.0,1326.0
unknown,fail,fail,pass,pass,pass,fail,3,fail,롯데에너지머티리얼즈,020150.KS,KR,55200.0,36700.0
unknown,fail,fail,pass,fail,fail,fail,1,fail,애경케미칼,161000.KS,KR,11250.0,10790.0
unknown,fail,pass,pass,fail,pass,unknown,3,fail,上海能源,600508.SS,CN,10.65,9.88
unknown,fail,pass,pass,fail,pass,fail,3,fail,TSE2492,2492.T,JP,715.0,624.0
unknown,fail,pass,pass,fail,pass,fail,3,fail,TSE4684,4684.T,JP,5174.0,4900.0
unknown,pass,pass,pass,fail,pass,fail,4,fail,TSE4475,4475.T,JP,1735.0,1616.0
unknown,fail,fail,pass,fail,fail,unknown,1,fail,楚天龙,003040.SZ,CN,14.53,14.07
fail,pass,fail,pass,fail,fail,pass,3,fail,"Duolingo, Inc. - Class A Common Stock",DUOL,US,151.22,151.0
pass,fail,pass,pass,pass,pass,pass,6,fail,HF Sinclair Corporation Common Stock,DINO,US,120.72,100.13
unknown,fail,fail,pass,fail,fail,unknown,1,fail,高新发展,000628.SZ,CN,51.33,45.35
unknown,pass,pass,pass,fail,pass,fail,4,fail,TSE4431,4431.T,JP,3890.0,3500.0
unknown,fail,fail,pass,fail,fail,unknown,1,fail,深中华A,000017.SZ,CN,7.5,6.46
fail,fail,fail,pass,fail,fail,fail,1,fail,전진건설로봇,079900.KS,KR,37800.0,36300.0
fail,pass,pass,pass,fail,fail,pass,4,fail,"PagerDuty, Inc. Common Stock",PD,US,15.8,12.82
unknown,pass,pass,pass,fail,pass,pass,5,fail,Elastic N.V. Ordinary Shares,ESTC,US,95.26,88.21
fail,fail,pass,pass,fail,pass,fail,3,fail,세방전지,004490.KS,KR,62800.0,58400.0
fail,pass,fail,pass,fail,pass,pass,4,fail,"Gap, Inc. (The) Common Stock",GAP,US,23.36,22.41
unknown,pass,fail,pass,fail,fail,fail,2,fail,TSE4393,4393.T,JP,6230.0,5620.0
fail,fail,pass,pass,pass,fail,pass,4,fail,"Okta, Inc. - Class A Common Stock",OKTA,US,220.21,157.0
fail,pass,pass,pass,fail,pass,pass,5,fail,"Salesforce, Inc. Common Stock",CRM,US,227.8,213.17
fail,fail,pass,pass,fail,pass,pass,4,fail,Veeva Systems Inc. Class A Common Stoc,VEEV,US,284.84,253.49
fail,pass,pass,pass,fail,fail,pass,4,fail,"Nutanix, Inc. - Class A Common Stock",NTNX,US,73.11,68.88
fail,pass,pass,pass,fail,fail,pass,4,fail,Abercrombie & Fitch Company Common Sto,ANF,US,141.45,119.92
unknown,fail,pass,pass,fail,pass,fail,3,fail,H&H INTL HLDG,1112.HK,HK,19.84,16.38
fail,fail,fail,pass,fail,fail,fail,1,fail,신풍제약,019170.KS,KR,9780.0,9020.0
unknown,fail,fail,pass,pass,fail,unknown,2,fail,金健米业,600127.SS,CN,13.8,7.11
pass,unknown,fail,pass,pass,unknown,fail,3,fail,키다리스튜디오,020120.KS,KR,6980.0,4065.0
pass,pass,fail,pass,fail,unknown,fail,3,fail,한미약품,128940.KS,KR,480500.0,430000.0
